Product Type,Net Quantity,Gross Sales,Discounts,Returns,Total Net Sales
Engine oil,34,14935,-594,-1609,12732
Kerosene,13,3744,-316.8,0,3427.2
Kerosene,12,3825,-201.6,-288,3335.4
Kerosene,17,3035,-63.25,0,2971.75
Engine oil,47,2696.8,-44.16,0,2652.64
Kerosene,17,2695,-52.5,-110,2532.5
Kerosene,20,2310,-66,-110,2134
Diesel,90,2160,-45.59,0,2114.41
Engine oil,10,2250,-180,0,2070
Kerosene,11,1925,-17.5,0,1907.5
Kerosene,30,1907,-41.3,0,1865.7
Cooking Gas,19,1748,-46.85,0,1701.15
Kerosene,15,1725,-92,0,1633
Engine oil,2,1625,-5,0,1620
Aviation Fuel,37,1554,-29.4,0,1524.6
Premium Motor Spirit,33,1584,-67.17,0,1516.83
Kerosene,20,1560,-47.8,0,1512.2
Premium Motor Spirit,32,1536,-76.8,0,1459.2
Cooking Gas,17,1496,-44,0,1452
Kerosene,5,1467,-57.6,0,1409.4
Engine oil,9,1466,-75.89,0,1390.11
Engine oil,11,1375,-12.5,0,1362.5
Engine oil,58,1392,-36,0,1356
Diesel,58,1392,-45.6,0,1346.4
Premium Motor Spirit,96,1400,-42,-56,1302
Engine oil,3,1660,0,-365,1295
Kerosene,15,1260,0,0,1260
Kerosene,9,1315,-57.5,0,1257.5
Engine oil,30,1260,-46.2,0,1213.8
LPG,32,1216,-26.6,0,1189.4
Cooking Gas,18,1224,-40.8,0,1183.2
Kerosene,7,1225,-70,0,1155
Engine oil,7,1155,-47.51,0,1107.49
Cooking Gas,5,1125,-22.5,0,1102.5
Kerosene,4,1152,-57.6,0,1094.4
Kerosene,14,1158,-67.16,0,1090.84
Kerosene,10,1100,-11,0,1089
Urea Fertilizer,69,1104,-25.6,0,1078.4
Kerosene,10,1100,-26.13,0,1073.87
Engine oil,15,1110,-46.79,0,1063.21
Engine oil,18,1352,-31.99,-258,1062.01
Kerosene,11,1056,-7.57,0,1048.43
Cooking Gas,12,1120,-72,0,1048
Kerosene,6,1050,-17.5,0,1032.5
Kerosene,4,1030,0,0,1030
Kerosene,13,1194,-8.8,-156,1029.2
Engine oil,15,1110,-81.38,0,1028.62
Engine oil,59,1062,-33.6,0,1028.4
Kerosene,6,1225,-35,-175,1015
Kerosene,6,990,0,0,990
Kerosene,6,1050,-78.75,0,971.25
Kerosene,9,1100,-43.99,-99.01,957
Cooking Gas,11,968,-17.6,0,950.4
Kerosene,9,990,-43.99,0,946.01
Kerosene,7,952,-13.6,0,938.4
Engine oil,25,950,-17.6,0,932.4
Kerosene,5,925,0,0,925
Engine oil,2,1150,-230,0,920
Kerosene,3,1179,0,-288,891
Diesel,11,924,-33.6,0,890.4
Engine oil,4,960,-72,0,888
Urea Fertilizer,24,906,-18.99,0,887.01
Kerosene,3,945,-63,0,882
Cooking Gas,7,879,0,0,879
Engine oil,10,975,-17.59,-79.21,878.2
Kerosene,11,898,-33.2,0,864.8
Kerosene,7,876.5,-12.65,0,863.85
Kerosene,5,875,-17.5,0,857.5
Engine oil,4,900,-45,0,855
Cooking Gas,9,925,-73.5,0,851.5
Engine oil,11,858,-23.6,0,834.4
Premium Motor Spirit,18,912,-45.6,-48,818.4
Kerosene,7,812,-11.6,0,800.4
Kerosene,7,1035,-23,-230,782
Engine oil,19,798,-16.79,0,781.21
Kerosene,16,804,-30.8,0,773.2
Kerosene,7,770,-3.48,0,766.52
Kerosene,7,775,-22.5,0,752.5
Kerosene,7,770,-33,0,737
Premium Motor Spirit,16,768,-31.2,0,736.8
Kerosene,9,736,0,0,736
Premium Motor Spirit,16,768,-33.6,0,734.4
Kerosene,4,740,-18.5,0,721.5
Premium Motor Spirit,15,720,-9.6,0,710.4
Kerosene,4,700,0,0,700
Kerosene,6,696,-11.6,0,684.4
Diesel,18,798,-7.6,-114,676.4
Kerosene,5,725,-58,0,667
Kerosene,4,700,-35,0,665
Premium Motor Spirit,25,700,-35.8,0,664.2
Premium Motor Spirit,24,672,-28.01,0,643.99
Engine oil,9,700,-57,0,643
Engine oil,2,645,-4.15,0,640.85
Cooking Gas,5,631,0,0,631
Engine oil,18,648,-21.6,0,626.4
Engine oil,5,638,-12.4,0,625.6
Engine oil,5,625,0,0,625
Engine oil,5,636,-12.4,0,623.6
Kerosene,5,625,-12.5,0,612.5
Premium Motor Spirit,13,624,-19.2,0,604.8
Kerosene,2,891,0,-288,603
Engine oil,4,600,-15,0,585
Premium Motor Spirit,42,602,-7.01,-14,580.99
Kerosene,5,580,0,0,580
Kerosene,2,576,0,0,576
LPG,31,573.5,-1.85,0,571.65
Cooking Gas,7,574,-8.2,0,565.8
Engine oil,4,565,0,0,565
Kerosene,3,564,0,0,564
Urea Fertilizer,20,560,-2.81,0,557.19
Kerosene,5,575,-23,0,552
Kerosene,5,550,0,0,550
Diesel,15,570,-20.2,0,549.8
Premium Motor Spirit,40,616,-11.2,-56,548.8
Engine oil,6,588,-48.99,0,539.01
Cooking Gas,6,590,-59,0,531
Cooking Gas,8,544,-13.6,0,530.4
Kerosene,5,550,-22,0,528
Kerosene,5,550,-22,0,528
Kerosene,5,550,-22,0,528
Kerosene,19,622,-94.6,0,527.4
Kerosene,3,525,0,0,525
Kerosene,3,525,0,0,525
Engine oil,6,522,0,0,522
Lub,5,564,-44,0,520
Engine oil,13,526,-12.6,0,513.4
Engine oil,18,516,-6,0,510
Kerosene,12,528,-18.8,0,509.2
Kerosene,3,525,-17.5,0,507.5
Engine oil,14,518,-14.6,0,503.4
Premium Motor Spirit,9,522,-21.6,0,500.4
Urea Fertilizer,7,506,-5.8,0,500.2
Kerosene,4,500,0,0,500
Kerosene,9,498,0,0,498
Premium Motor Spirit,11,528,-33.58,0,494.42
Kerosene,12,546,-17.6,-37,491.4
Engine oil,9,486,-5.4,0,480.6
Premium Motor Spirit,10,480,0,0,480
Engine oil,22,506,-10.99,-19.8,475.21
Kerosene,10,480,-4.8,0,475.2
Engine oil,9,593,-9,-110,474
Engine oil,22,484,-11.29,0,472.71
Kerosene,4,500,-37.5,0,462.5
Urea Fertilizer,13,468,-7.2,0,460.8
Engine oil,5,460,0,0,460
Kerosene,4,460,0,0,460
Diesel,21,462,-2.2,0,459.8
CNG,25,472,-14,0,458
Premium Motor Spirit,17,476,-18.2,0,457.8
Kerosene,3,460,-2.24,0,457.76
Engine oil,7,476,-20.4,0,455.6
Engine oil,2,450,0,0,450
Engine oil,2,450,0,0,450
Kerosene,3,450,0,0,450
Engine oil,18,450,-5,0,445
Kerosene,3,460,-17.5,0,442.5
Engine oil,4,458,-15.6,0,442.4
Engine oil,6,536,-6.8,-88,441.2
Premium Motor Spirit,5,440,0,0,440
Diesel,5,440,0,0,440
Premium Motor Spirit,16,448,-8.4,0,439.6
Engine oil,25,450,-14.39,0,435.61
Kerosene,4,440,-11,0,429
Diesel,17,442,-20.8,0,421.2
Urea Fertilizer,45,437,-10.25,-8.54,418.21
Engine oil,10,420,-4.5,0,415.5
Engine oil,14,435,-20.1,0,414.9
Black oil,17,432,-19.6,0,412.4
Kerosene,10,420,-9.6,0,410.4
Kerosene,2,615,0,-205,410
Engine oil,12,432,-25.2,0,406.8
Lubricant,1,450,-45,0,405
Diesel,12,408,-3.4,0,404.6
Premium Motor Spirit,29,462,-8.41,-56,397.59
Kerosene,6,408,-11.8,0,396.2
Kerosene,4,440,-44,0,396
Kerosene,2,410,-20.5,0,389.5
Engine oil,3,432,-43.2,0,388.8
Engine oil,1,385,0,0,385
Engine oil,1,385,0,0,385
Kerosene,4,414,-33,0,381
Engine oil,6,379,0,0,379
Cooking Gas,3,374,0,0,374
Kerosene,9,378,-4.2,0,373.8
Engine oil,16,408,-13.6,-21.6,372.8
Urea Fertilizer,21,374,-1.39,0,372.61
Engine oil,3,384,-12.8,0,371.2
Engine oil,4,380,-9.5,0,370.5
Kerosene,2,370,0,0,370
Kerosene,11,393.25,-25,0,368.25
Kerosene,8,428,-19.2,-46,362.8
PMS,13,359,0,0,359
Engine oil,2,396,-39.6,0,356.4
Urea Fertilizer,18,360,-4,0,356
Engine oil,4,360,-4.19,0,355.81
Engine oil,4,360,-5.8,0,354.2
Diesel,16,352,0,0,352
Kerosene,2,370,-18.5,0,351.5
Engine oil,1,350,0,0,350
Kerosene,2,350,0,0,350
Kerosene,2,350,0,0,350
Kerosene,2,350,0,0,350
Engine oil,11,352,-3.19,0,348.81
Kerosene,7,364,-15.6,0,348.4
Kerosene,6,348,0,0,348
Kerosene,3,348,0,0,348
Kerosene,3,348,0,0,348
Cooking Gas,16,352,-4.4,0,347.6
Diesel,16,352,-4.4,0,347.6
Kerosene,8,344,0,0,344
Kerosene,9,342,0,0,342
Premium Motor Spirit,11,360,-19.4,0,340.6
Kerosene,9,339,0,0,339
Black oil,16,352,-13.18,0,338.82
Engine oil,6,348,-11.6,0,336.4
Kerosene,3,360,-24,0,336
Engine oil,2,336,0,0,336
Premium Motor Spirit,7,336,-3.15,0,332.85
Engine oil,14,350,-17.2,0,332.8
Engine oil,2,350,-17.5,0,332.5
Kerosene,2,350,-17.5,0,332.5
Kerosene,3,330,0,0,330
Kerosene,3,440,0,-110,330
Kerosene,3,330,0,0,330
Kerosene,2,330,0,0,330
Engine oil,3,440,0,-110,330
Kerosene,1,365,-36.5,0,328.5
Engine oil,8,336,-12.6,0,323.4
Premium Motor Spirit,10,340,-18.6,0,321.4
Cooking Gas,5,408,-20.4,-68,319.6
Kerosene,3,330,-11,0,319
Kerosene,3,330,-11,0,319
Light PMS,9,328,-12.6,0,315.4
Engine oil,7,315,0,0,315
Kerosene,2,350,-35,0,315
Kerosene,2,350,-35,0,315
Diesel,18,324,-10.8,0,313.2
Kerosene,1,310,0,0,310
Engine oil,3,330,-22,0,308
Kerosene,3,330,-22,0,308
Engine oil,2,324,-16.2,0,307.8
Urea Fertilizer,13,312,-4.81,0,307.19
Engine oil,5,312,-5,0,307
Kerosene,5,307,0,0,307
Engine oil,7,315,-9.5,0,305.5
Kerosene,3,348,-46.4,0,301.6
Engine oil,2,300,0,0,300
Kerosene,8,348,-11.41,-38,298.59
Kerosene,3,298,0,0,298
Premium Motor Spirit,11,308,-11.21,0,296.79
Engine oil,2,296,0,0,296
Premium Motor Spirit,6,300,-4.4,0,295.6
Urea Fertilizer,29,307.5,-14.16,0,293.34
Kerosene,3,304,-11,0,293
Premium Motor Spirit,21,378,-2.8,-84,291.2
Engine oil,5,290,0,0,290
Lub,8,342,-15.2,-38,288.8
Kerosene,3,288,0,0,288
Cooking Gas,2,288,0,0,288
Engine oil,6,288,0,0,288
Diesel,16,306,-1.8,-18,286.2
PMS,8,285,0,0,285
Cooking Gas,5,320,-38.4,0,281.6
Cooking Gas,8,304,-22.8,0,281.2
Brake oil,2,350,-70,0,280
Light PMS,16,292,-12.2,0,279.8
Engine oil,3,302,-23.4,0,278.6
Premium Motor Spirit,6,288,-9.6,0,278.4
Engine oil,6,288,-9.61,0,278.39
Diesel,13,286,-8.8,0,277.2
Premium Motor Spirit,6,288,-12,0,276
Kerosene,6,280,-6.32,0,273.68
Cooking Gas,2,288,-14.39,0,273.61
Engine oil,8,288,-14.4,0,273.6
Cooking Gas,4,286,-13.6,0,272.4
Engine oil,4,272,0,0,272
Kerosene,2,272,0,0,272
Engine oil,6,276,-4.8,0,271.2
Diesel,15,270,0,0,270
Cooking Gas,2,270,0,0,270
Premium Motor Spirit,10,280,-10.44,0,269.56
Engine oil,15,278,-8.71,0,269.29
Engine oil,7,272,-3.52,0,268.48
Diesel,15,288,-3.6,-18,266.4
Cooking Gas,4,272,-6.79,0,265.21
Cooking Gas,4,272,-6.8,0,265.2
Diesel,15,270,-5.41,0,264.59
Motor oil,12,264,0,0,264
Cooking Gas,3,264,0,0,264
Black oil,22,264,0,0,264
Urea Fertilizer,2,264,0,0,264
Kerosene,1,288,-28.8,0,259.2
Aviation Fuel,9,262,-3,0,259
Light PMS,4,256,0,0,256
Kerosene,6,264,-8.8,0,255.2
Premium Motor Spirit,7,270,-15.21,0,254.79
Kerosene,6,252,0,0,252
Kerosene,6,267,-15.31,0,251.69
Cooking Gas,4,272,-20.4,0,251.6
Cooking Gas,7,304,-15.2,-38,250.8
Cooking Gas,4,248,0,0,248
Brake oil,1,275,-27.5,0,247.5
Aviation Fuel,1,245,0,0,245
Engine oil,2,244,0,0,244
Premium Motor Spirit,6,252,-8.41,0,243.59
LPG,13,240.5,0,0,240.5
Light PMS,13,280,-21.99,-18.01,240
Kerosene,1,240,0,0,240
Kerosene,1,240,0,0,240
Kerosene,1,240,0,0,240
Engine oil,5,240,0,0,240
Kerosene,8,274,0,-34,240
Engine oil,1,240,0,0,240
Kerosene,1,240,0,0,240
Premium Motor Spirit,8,244,-5.1,0,238.9
Cooking Gas,2,249,-12.5,0,236.5
Urea Fertilizer,4,252,-15.6,0,236.4
Diesel,13,234,0,0,234
Kerosene,2,232,0,0,232
Kerosene,2,232,0,0,232
Kerosene,2,348,-11.6,-104.4,232
Premium Motor Spirit,5,240,-9.6,0,230.4
Kerosene,2,230,0,0,230
Diesel,9,252,-22.4,0,229.6
LPG,6,228,0,0,228
Kerosene,5,272,-5.12,-38.88,228
Diesel,4,232,-5.8,0,226.2
Kerosene,6,268,-4,-38,226
Kerosene,5,240,-14.6,0,225.4
Kerosene,4,245,-19.69,0,225.31
Engine oil,1,225,0,0,225
Engine oil,1,225,0,0,225
Kerosene,6,228,-3.4,0,224.6
Kerosene,6,266,-3.8,-38,224.2
Urea Fertilizer,19,228,-5.79,0,222.21
Engine oil,3,222,0,0,222
Kerosene,4,232,-10.6,0,221.4
Kerosene,2,232,-11.6,0,220.4
Kerosene,2,220,0,0,220
Kerosene,2,220,0,0,220
Kerosene,2,220,0,0,220
Kerosene,2,220,0,0,220
Kerosene,2,220,0,0,220
Kerosene,2,220,0,0,220
Kerosene,1,240,-24,0,216
Kerosene,1,240,-24,0,216
Kerosene,1,240,-24,0,216
Kerosene,1,240,-24,0,216
Diesel,8,224,-8.41,0,215.59
Cooking Gas,3,234,-19.5,0,214.5
Diesel,12,216,-1.8,0,214.2
Cooking Gas,6,228,-15.19,0,212.81
Kerosene,5,220,-8.8,0,211.2
Engine oil,1,210,0,0,210
Engine oil,8,224,-14,0,210
Kerosene,1,210,0,0,210
Kerosene,2,220,-11,0,209
Kerosene,2,220,-11,0,209
Kerosene,2,220,-11,0,209
Kerosene,2,220,-11,0,209
Kerosene,2,232,-23.2,0,208.8
Engine oil,12,216,-8.4,0,207.6
PMS,8,224,-19.6,0,204.4
Urea Fertilizer,6,204,0,0,204
Premium Motor Spirit,3,204,0,0,204
Kerosene,3,204,0,0,204
Kerosene,3,204,0,0,204
Premium Motor Spirit,6,204,0,0,204
Premium Motor Spirit,3,204,0,0,204
Kerosene,6,204,0,0,204
Kerosene,3,204,0,0,204
Urea Fertilizer,20,220.5,-16.92,0,203.58
Engine oil,4,312,-5.2,-104,202.8
Engine oil,6,216,-14.4,0,201.6
Lubricant,1,200,0,0,200
Lubricant,1,200,0,0,200
Lubricant,1,200,0,0,200
Kerosene,4,204,-5.8,0,198.2
Cooking Gas,2,208,-9.8,0,198.2
Kerosene,2,220,-22,0,198
Kerosene,1,220,-22,0,198
Engine oil,9,198,0,0,198
CNG,3,204,-6.8,0,197.2
CNG,2,196,0,0,196
Engine oil,7,196,0,0,196
CNG,2,196,0,0,196
Cooking Gas,4,196,0,0,196
CNG,2,196,0,0,196
Premium Motor Spirit,6,202,-6.6,0,195.4
Kerosene,1,195,0,0,195
Engine oil,3,195,0,0,195
Kerosene,1,195,0,0,195
Kerosene,1,390,0,-195,195
Kerosene,1,195,0,0,195
Kerosene,4,208,-13.01,0,194.99
Aviation Fuel,8,200,-5.01,0,194.99
Premium Motor Spirit,5,202,-7.6,0,194.4
PMS,7,193,0,0,193
Engine oil,3,192,0,0,192
Cooking Gas,5,204,-12.1,0,191.9
Motor oil,6,204,-13.4,0,190.6
Kerosene,3,204,-13.6,0,190.4
Cooking Gas,2,190,0,0,190
Kerosene,2,190,0,0,190
Kerosene,4,194,-4.4,0,189.6
Kerosene,4,194,-5,0,189
Aviation Fuel,6,192,-3.2,0,188.8
Kerosene,1,564,0,-376,188
Kerosene,4,188,0,0,188
Kerosene,7,196,-8.39,0,187.61
Kerosene,6,194,-6.41,0,187.59
Kerosene,4,192,-4.8,0,187.2
Kerosene,4,192,-4.8,0,187.2
Cooking Gas,8,192,-4.8,0,187.2
CNG,2,196,-9.79,0,186.21
PMS,5,190,-3.8,0,186.2
CNG,2,196,-9.81,0,186.19
Engine oil,12,192,-6.42,0,185.58
Kerosene,1,185,0,0,185
Kerosene,1,185,0,0,185
Kerosene,1,185,0,0,185
Kerosene,1,185,0,0,185
Kerosene,1,185,0,0,185
Kerosene,1,185,0,0,185
Kerosene,1,185,0,0,185
Engine oil,1,185,0,0,185
Kerosene,1,185,0,0,185
Kerosene,1,185,0,0,185
Kerosene,1,185,0,0,185
Kerosene,1,185,0,0,185
Kerosene,1,185,0,0,185
Kerosene,1,185,0,0,185
Kerosene,1,185,0,0,185
Kerosene,1,185,0,0,185
Kerosene,1,185,0,0,185
Kerosene,1,185,0,0,185
Kerosene,1,185,0,0,185
Kerosene,1,185,0,0,185
Kerosene,1,185,0,0,185
Engine oil,1,185,0,0,185
Kerosene,1,185,0,0,185
Kerosene,1,185,0,0,185
Cooking Gas,1,185,0,0,185
Kerosene,1,185,0,0,185
Kerosene,1,205,-20.5,0,184.5
Engine oil,3,204,-20.4,0,183.6
Light PMS,9,186,-2.4,0,183.6
Premium Motor Spirit,8,192,-9.59,0,182.41
Cooking Gas,5,190,-7.6,0,182.4
Cooking Gas,5,228,-7.6,-38,182.4
Kerosene,4,182,0,0,182
PMS,7,183,-2.1,0,180.9
Brake oil,2,190,-9.49,0,180.51
Aviation Fuel,12,180,0,0,180
Kerosene,4,184,-4.6,0,179.4
Premium Motor Spirit,7,196,-16.79,0,179.21
Kerosene,2,188,-9.4,0,178.6
Engine oil,1,198,-19.8,0,178.2
Motor oil,5,178,0,0,178
Premium Motor Spirit,13,238,-4.21,-56,177.79
Premium Motor Spirit,4,192,-14.39,0,177.61
Engine oil,5,180,-3.6,0,176.4
Engine oil,10,180,-3.62,0,176.38
Premium Motor Spirit,2,176,0,0,176
Engine oil,4,176,0,0,176
Engine oil,4,180,-4.5,0,175.5
Kerosene,1,195,-19.5,0,175.5
Engine oil,1,195,-19.5,0,175.5
Premium Motor Spirit,4,180,-4.6,0,175.4
Kerosene,1,175,0,0,175
Kerosene,1,175,0,0,175
Kerosene,1,175,0,0,175
Kerosene,1,175,0,0,175
Lubricant,1,175,0,0,175
Kerosene,1,175,0,0,175
Kerosene,1,175,0,0,175
Kerosene,1,175,0,0,175
Kerosene,1,175,0,0,175
Kerosene,1,175,0,0,175
Kerosene,1,175,0,0,175
Kerosene,1,175,0,0,175
Kerosene,1,175,0,0,175
Kerosene,1,175,0,0,175
Kerosene,1,175,0,0,175
Kerosene,1,175,0,0,175
Kerosene,1,175,0,0,175
Kerosene,1,175,0,0,175
Kerosene,1,175,0,0,175
Kerosene,1,175,0,0,175
Diesel,10,180,-5.4,0,174.6
Cooking Gas,3,179.2,-5.12,0,174.08
Light PMS,3,174,0,0,174
Kerosene,3,174,0,0,174
Premium Motor Spirit,3,174,0,0,174
Kerosene,3,174,0,0,174
Cooking Gas,3,186,-12.4,0,173.6
Engine oil,5,180,-7.2,0,172.8
Engine oil,3,184,-11.6,0,172.4
Engine oil,4,172,0,0,172
Engine oil,8,176,-4.4,0,171.6
Cooking Gas,4,176,-4.4,0,171.6
Kerosene,4,176,-4.4,0,171.6
Urea Fertilizer,16,172.5,-1.05,0,171.45
Kerosene,5,170,0,0,170
Diesel,5,170,0,0,170
Urea Fertilizer,15,171,-1.05,0,169.95
Premium Motor Spirit,8,176,-6.6,0,169.4
Urea Fertilizer,16,175.5,-7.12,0,168.38
Cooking Gas,3,174,-5.8,0,168.2
Brake oil,3,174,-5.8,0,168.2
CNG,3,174,-5.81,0,168.19
Kerosene,4,168,0,0,168
PMS,7,168,0,0,168
Engine oil,4,168,0,0,168
Engine oil,4,182,-14.4,0,167.6
Urea Fertilizer,14,172,-4.8,0,167.2
Motor oil,5,170,-3.4,0,166.6
Cooking Gas,4,166.6,0,0,166.6
Kerosene,1,185,-18.5,0,166.5
Kerosene,1,185,-18.5,0,166.5
Kerosene,1,185,-18.5,0,166.5
Kerosene,1,185,-18.5,0,166.5
Kerosene,1,185,-18.5,0,166.5
Kerosene,1,185,-18.5,0,166.5
Kerosene,1,185,-18.5,0,166.5
Kerosene,1,185,-18.5,0,166.5
Kerosene,1,185,-18.5,0,166.5
Kerosene,1,185,-18.5,0,166.5
Kerosene,1,185,-18.5,0,166.5
Kerosene,1,185,-18.5,0,166.5
Engine oil,4,166,0,0,166
Kerosene,2,182,-16.23,0,165.77
Engine oil,1,165,0,0,165
Kerosene,1,165,0,0,165
Kerosene,1,165,0,0,165
Lubricant,1,165,0,0,165
Kerosene,1,165,0,0,165
Kerosene,5,206,-7.2,-34,164.8
Kerosene,3,164,0,0,164
Lub,8,164,0,0,164
Engine oil,2,163,0,0,163
Engine oil,6,162,0,0,162
Engine oil,3,162,0,0,162
Kerosene,10,160,0,0,160
Kerosene,3,160,0,0,160
Cooking Gas,2,160,0,0,160
Kerosene,3,171,-11.3,0,159.7
Diesel,6,168,-8.4,0,159.6
Kerosene,6,170,-11.6,0,158.4
Kerosene,3,163,-4.8,0,158.2
,1,158,0,0,158
Kerosene,5,172,-14,0,158
Kerosene,1,175,-17.49,0,157.51
Kerosene,1,175,-17.5,0,157.5
Kerosene,1,175,-17.5,0,157.5
Kerosene,1,175,-17.5,0,157.5
Kerosene,1,175,-17.5,0,157.5
Kerosene,1,175,-17.5,0,157.5
Kerosene,1,175,-17.5,0,157.5
Engine oil,4,157,0,0,157
Kerosene,1,174,-17.4,0,156.6
Cooking Gas,3,162,-5.4,0,156.6
Kerosene,3,174,-17.4,0,156.6
Premium Motor Spirit,2,156,0,0,156
Cooking Gas,3,180,-24,0,156
Urea Fertilizer,13,156,0,0,156
Cooking Gas,2,156,0,0,156
Cooking Gas,1,155,0,0,155
Kerosene,1,155,0,0,155
Engine oil,9,162,-7.21,0,154.79
Engine oil,5,160,-6.4,0,153.6
Engine oil,10,153.2,0,0,153.2
Premium Motor Spirit,4,156,-3.81,0,152.19
Engine oil,4,152,0,0,152
Engine oil,4,152,0,0,152
Kerosene,3,152,0,0,152
Premium Motor Spirit,7,154,-2.2,0,151.8
Engine oil,7,154,-2.2,0,151.8
Engine oil,4,151.4,0,0,151.4
Engine oil,2,168,-16.8,0,151.2
Kerosene,3,156,-5.2,0,150.8
Engine oil,4,158.8,-8.38,0,150.42
Engine oil,1,150,0,0,150
Engine oil,4,150,0,0,150
PMS,7,154,-4.4,0,149.6
Kerosene,1,165,-16.5,0,148.5
Kerosene,1,165,-16.5,0,148.5
Kerosene,1,165,-16.5,0,148.5
Kerosene,1,165,-16.5,0,148.5
Motor oil,3,158,-9.6,0,148.4
Kerosene,4,152,-3.8,0,148.2
Cooking Gas,4,152,-3.8,0,148.2
Kerosene,3,148,0,0,148
Kerosene,1,185,-37,0,148
Kerosene,2,148,0,0,148
Engine oil,1,185,-37,0,148
Kerosene,1,185,-37,0,148
Urea Fertilizer,15,159,-11.54,0,147.46
Kerosene,4,192,-7.79,-38,146.21
Kerosene,1,145,0,0,145
Kerosene,1,145,0,0,145
Kerosene,1,145,0,0,145
Kerosene,1,145,0,0,145
Kerosene,1,145,0,0,145
Kerosene,1,145,0,0,145
Kerosene,1,145,0,0,145
Kerosene,1,145,0,0,145
Kerosene,1,145,0,0,145
Kerosene,1,145,0,0,145
Kerosene,1,145,0,0,145
Kerosene,1,145,0,0,145
Engine oil,1,145,0,0,145
Kerosene,1,145,0,0,145
Kerosene,1,145,0,0,145
Kerosene,1,145,0,0,145
Kerosene,1,145,0,0,145
Kerosene,1,145,0,0,145
Kerosene,1,145,0,0,145
Kerosene,1,145,0,0,145
Kerosene,1,145,0,0,145
Kerosene,1,145,0,0,145
Kerosene,1,145,0,0,145
Kerosene,1,145,0,0,145
Kerosene,1,145,0,0,145
Kerosene,1,145,0,0,145
Kerosene,1,145,0,0,145
Premium Motor Spirit,4,152,-7.6,0,144.4
Motor oil,3,144,0,0,144
Kerosene,2,144,0,0,144
Engine oil,2,144,0,0,144
Engine oil,3,144,0,0,144
Engine oil,2,144,0,0,144
Urea Fertilizer,13,148.5,-5.24,0,143.26
Premium Motor Spirit,6,144,-2.39,0,141.61
Premium Motor Spirit,6,144,-2.4,0,141.6
Urea Fertilizer,4,140,0,0,140
Urea Fertilizer,5,140,0,0,140
Premium Motor Spirit,5,140,0,0,140
Kerosene,1,145,-5,0,140
Kerosene,3,144,-4.8,0,139.2
Engine oil,3,144,-4.8,0,139.2
Kerosene,3,144,-4.8,0,139.2
Kerosene,3,144,-4.8,0,139.2
Engine oil,3,144,-4.8,0,139.2
Cooking Gas,3,144,-4.8,0,139.2
Kerosene,3,144,-4.8,0,139.2
Diesel,8,144,-5,0,139
Kerosene,3,138,0,0,138
Premium Motor Spirit,5,140,-2.8,0,137.2
Premium Motor Spirit,5,140,-2.8,0,137.2
Engine oil,2,152,-15.2,0,136.8
Kerosene,4,150,-13.68,0,136.32
PMS,4,136,0,0,136
Premium Motor Spirit,2,136,0,0,136
Cooking Gas,2,136,0,0,136
Engine oil,2,136,0,0,136
Kerosene,2,136,0,0,136
Engine oil,2,136,0,0,136
Engine oil,2,136,0,0,136
Kerosene,1,136,0,0,136
Kerosene,1,136,0,0,136
Engine oil,2,136,0,0,136
Engine oil,2,136,0,0,136
Kerosene,2,136,0,0,136
Kerosene,1,136,0,0,136
Kerosene,3,146,-10.2,0,135.8
PMS,5,140,-4.79,0,135.21
Lubricant,1,135,0,0,135
Lubricant,1,135,0,0,135
Engine oil,3,135,0,0,135
Urea Fertilizer,5,140,-5.6,0,134.4
CNG,3,134.4,0,0,134.4
Diesel,7,140,-5.89,0,134.11
Engine oil,3,134,0,0,134
Diesel,7,140,-6,0,134
Cooking Gas,2,136,-3.4,0,132.6
Motor oil,4,136,-3.4,0,132.6
Kerosene,3,132,0,0,132
Urea Fertilizer,11,132,0,0,132
Diesel,6,132,0,0,132
Premium Motor Spirit,4,134,-3.4,0,130.6
Kerosene,1,145,-14.5,0,130.5
Kerosene,1,145,-14.5,0,130.5
PMS,3,174,0,-43.5,130.5
Kerosene,1,145,-14.5,0,130.5
Kerosene,1,145,-14.5,0,130.5
Kerosene,1,145,-14.5,0,130.5
Cooking Gas,2,130,0,0,130
Cooking Gas,2,130,0,0,130
Engine oil,2,130,0,0,130
Kerosene,2,144,-14.4,0,129.6
Brake oil,1,144,-14.4,0,129.6
Cooking Gas,2,136,-6.8,0,129.2
Kerosene,2,136,-6.8,0,129.2
Cooking Gas,2,136,-6.8,0,129.2
Urea Fertilizer,2,136,-6.8,0,129.2
Diesel,2,136,-6.8,0,129.2
Cooking Gas,2,128,0,0,128
Diesel,2,128,0,0,128
Kerosene,2,256,0,-128,128
Engine oil,1,128,0,0,128
Engine oil,2,128,0,0,128
Engine oil,1,128,0,0,128
,1,128,0,0,128
Kerosene,3,132,-4.4,0,127.6
Engine oil,5,130,-2.6,0,127.4
Cooking Gas,3,130,-3.5,0,126.5
Diesel,6,126,0,0,126
PMS,7,126,0,0,126
Urea Fertilizer,7,126,0,0,126
Premium Motor Spirit,3,126,0,0,126
Kerosene,1,125,0,0,125
Kerosene,1,125,0,0,125
Kerosene,1,125,0,0,125
Kerosene,1,125,0,0,125
Engine oil,1,125,0,0,125
Kerosene,1,125,0,0,125
Kerosene,1,125,0,0,125
Cooking Gas,3,125,0,0,125
Kerosene,1,125,0,0,125
Kerosene,1,125,0,0,125
Kerosene,1,125,0,0,125
Lubricant,1,125,0,0,125
Lubricant,1,125,0,0,125
Kerosene,1,125,0,0,125
Engine oil,1,125,0,0,125
Kerosene,1,125,0,0,125
Kerosene,1,125,0,0,125
Urea Fertilizer,11,132,-7.2,0,124.8
Motor oil,4,128,-3.2,0,124.8
Engine oil,1,156,-31.2,0,124.8
PMS,7,126,-1.8,0,124.2
Cooking Gas,2,124,0,0,124
Cooking Gas,2,189,-6.5,-58.5,124
Cooking Gas,1,124,0,0,124
Engine oil,3,132,-8.4,0,123.6
Motor oil,4,130,-6.8,0,123.2
Kerosene,3,132,-8.8,0,123.2
Engine oil,3,132,-8.8,0,123.2
Premium Motor Spirit,2,123,0,0,123
Kerosene,1,136,-13.6,0,122.4
Engine oil,2,136,-13.6,0,122.4
Premium Motor Spirit,3,122,0,0,122
Premium Motor Spirit,2,128,-6.4,0,121.6
Engine oil,2,128,-6.41,0,121.59
Lubricant,1,135,-13.49,0,121.51
Lubricant,1,135,-13.5,0,121.5
Engine oil,7,126,-5.4,0,120.6
Urea Fertilizer,7,126,-5.4,0,120.6
Engine oil,6,122,-1.8,0,120.2
Cooking Gas,2,120,0,0,120
Kerosene,1,120,0,0,120
Premium Motor Spirit,2,120,0,0,120
Kerosene,1,120,0,0,120
Engine oil,1,120,0,0,120
Urea Fertilizer,3,120,0,0,120
Engine oil,4,122,-3.8,0,118.2
Engine oil,3,126,-8.4,0,117.6
Urea Fertilizer,6,117,0,0,117
Brake oil,2,130,-13,0,117
Cooking Gas,2,130,-13,0,117
Kerosene,3,125,-8.7,0,116.3
Aviation Fuel,2,116,0,0,116
Kerosene,1,116,0,0,116
Kerosene,1,116,0,0,116
Kerosene,1,116,0,0,116
Aviation Fuel,2,116,0,0,116
Kerosene,1,116,0,0,116
Kerosene,1,116,0,0,116
Premium Motor Spirit,2,116,0,0,116
Kerosene,2,116,0,0,116
CNG,2,116,0,0,116
Kerosene,1,116,0,0,116
Premium Motor Spirit,4,136,-20.4,0,115.6
Engine oil,2,128,-12.8,0,115.2
Kerosene,1,115,0,0,115
Kerosene,1,115,0,0,115
Engine oil,1,115,0,0,115
Kerosene,1,115,0,0,115
Engine oil,3,126,-11.14,0,114.86
Urea Fertilizer,10,136,-9.6,-12,114.4
Urea Fertilizer,4,120,-5.99,0,114.01
Black oil,12,114,0,0,114
Engine oil,3,114,0,0,114
Black oil,3,114,0,0,114
Brake oil,3,114,0,0,114
Engine oil,3,152,-3.8,-34.2,114
Kerosene,2,120,-6.8,0,113.2
Kerosene,1,125,-12.5,0,112.5
Kerosene,1,125,-12.5,0,112.5
Kerosene,1,125,-12.5,0,112.5
Urea Fertilizer,1,125,-12.5,0,112.5
Kerosene,1,125,-12.5,0,112.5
Premium Motor Spirit,8,112,0,0,112
Kerosene,2,176,-6.4,-57.6,112
Diesel,4,252,0,-140,112
Premium Motor Spirit,4,112,0,0,112
Urea Fertilizer,4,112,0,0,112
CNG,5,116,-4.41,0,111.59
Engine oil,3,115,-3.5,0,111.5
Light PMS,7,112,-1.6,0,110.4
Cooking Gas,3,114,-3.8,0,110.2
Premium Motor Spirit,3,114,-3.8,0,110.2
Engine oil,3,114,-3.8,0,110.2
Cooking Gas,2,116,-5.8,0,110.2
Kerosene,3,114,-3.8,0,110.2
Premium Motor Spirit,2,116,-5.8,0,110.2
Aviation Fuel,2,116,-5.8,0,110.2
Kerosene,1,110,0,0,110
Kerosene,1,110,0,0,110
Kerosene,1,110,0,0,110
Kerosene,1,110,0,0,110
Kerosene,1,110,0,0,110
Kerosene,1,110,0,0,110
Kerosene,1,115,-5,0,110
Kerosene,1,110,0,0,110
Kerosene,1,220,0,-110,110
Brake oil,1,110,0,0,110
PMS,7,110,0,0,110
Kerosene,1,110,0,0,110
Kerosene,4,112,-2.8,0,109.2
Kerosene,4,112,-2.8,0,109.2
PMS,8,112,-4.2,0,107.8
Cooking Gas,5,112.5,-4.82,0,107.68
Urea Fertilizer,9,112,-4.8,0,107.2
Urea Fertilizer,4,112,-5.6,0,106.4
Diesel,3,114,-7.6,0,106.4
Premium Motor Spirit,8,168,-5.62,-56,106.38
Kerosene,1,125,-18.75,0,106.25
Urea Fertilizer,3,106,0,0,106
Diesel,6,110,-4.5,0,105.5
Kerosene,1,116,-11.6,0,104.4
Kerosene,1,116,-11.6,0,104.4
Diesel,4,108,-3.6,0,104.4
Kerosene,1,116,-11.6,0,104.4
Diesel,3,108,-3.6,0,104.4
Kerosene,1,116,-11.6,0,104.4
Kerosene,1,115,-11.5,0,103.5
Kerosene,1,115,-11.5,0,103.5
Kerosene,1,115,-11.5,0,103.5
Kerosene,1,115,-11.5,0,103.5
Urea Fertilizer,1,115,-11.5,0,103.5
CNG,1,114,-11.4,0,102.6
CNG,1,114,-11.4,0,102.6
Urea Fertilizer,10,106.5,-4.19,0,102.31
Premium Motor Spirit,3,102,0,0,102
Lub,2,120,-18,0,102
Premium Motor Spirit,3,104.5,-2.85,0,101.65
Urea Fertilizer,9,103.5,-3.15,0,100.35
Cooking Gas,2,100,0,0,100
Engine oil,3,108,-8,0,100
Urea Fertilizer,8,100,0,0,100
Aviation Fuel,1,110,-11,0,99
Kerosene,1,110,-11,0,99
Engine oil,3,99,0,0,99
Kerosene,1,110,-11,0,99
Light PMS,1,220,-11,-110,99
Aviation Fuel,1,110,-11,0,99
Kerosene,1,110,-11,0,99
Cooking Gas,3,114,-15.2,0,98.8
Motor oil,3,102,-3.2,0,98.8
Kerosene,3,190,-15.2,-76,98.8
Kerosene,3,102,-3.4,0,98.6
Urea Fertilizer,3,102,-3.41,0,98.59
CNG,1,98,0,0,98
Premium Motor Spirit,7,98,0,0,98
CNG,1,98,0,0,98
Kerosene,4,146,-20.8,-28,97.2
Premium Motor Spirit,3,102,-5,0,97
Motor oil,3,102,-5.09,0,96.91
Urea Fertilizer,9,97.5,-1.05,0,96.45
Engine oil,3,96,0,0,96
Premium Motor Spirit,2,96,0,0,96
Kerosene,1,96,0,0,96
Kerosene,2,96,0,0,96
Kerosene,2,96,0,0,96
Kerosene,2,96,0,0,96
Kerosene,1,96,0,0,96
Diesel,4,96,0,0,96
Premium Motor Spirit,2,96,0,0,96
Brake oil,2,96,0,0,96
CNG,2,96,0,0,96
Cooking Gas,2,96,0,0,96
Kerosene,2,96,0,0,96
Engine oil,2,96,0,0,96
Kerosene,1,96,0,0,96
Engine oil,4,96,0,0,96
Kerosene,2,96,0,0,96
Engine oil,3,96,0,0,96
Kerosene,2,96,0,0,96
Premium Motor Spirit,3,96,0,0,96
Engine oil,2,96,0,0,96
Motor oil,3,102,-6.8,0,95.2
Premium Motor Spirit,3,102,-6.8,0,95.2
Kerosene,2,112,-16.8,0,95.2
Urea Fertilizer,10,105,-9.95,0,95.05
Engine oil,1,95,0,0,95
Engine oil,1,95,0,0,95
Kerosene,1,94,0,0,94
Kerosene,1,94,0,0,94
Engine oil,3,96,-3.2,0,92.8
Kerosene,2,92,0,0,92
Cooking Gas,1,92,0,0,92
Kerosene,2,92,0,0,92
Kerosene,2,92,0,0,92
Urea Fertilizer,7,92,0,0,92
PMS,5,94,-2.2,0,91.8
Premium Motor Spirit,3,102,-10.21,0,91.79
Kerosene,2,96,-4.79,0,91.21
Engine oil,2,96,-4.8,0,91.2
Kerosene,2,96,-4.8,0,91.2
Premium Motor Spirit,4,96,-4.81,0,91.19
LPG,5,92.5,-1.85,0,90.65
Urea Fertilizer,8,100,-9.6,0,90.4
Diesel,5,90,0,0,90
Engine oil,2,90,0,0,90
Brake oil,2,90,0,0,90
Engine oil,2,132,-4.88,-37.12,90
Engine oil,2,90,0,0,90
PMS,5,90,0,0,90
Engine oil,2,90,0,0,90
Black oil,3,90,0,0,90
Kerosene,1,90,0,0,90
Motor oil,5,90,0,0,90
Urea Fertilizer,5,90,0,0,90
Engine oil,2,90,0,0,90
Kerosene,3,90,0,0,90
Aviation Fuel,3,96,-6.4,0,89.6
Engine oil,1,112,-22.4,0,89.6
Kerosene,3,96,-6.4,0,89.6
Engine oil,1,99,-9.9,0,89.1
Engine oil,5,90,-1.8,0,88.2
CNG,1,98,-9.8,0,88.2
Engine oil,1,98,-9.8,0,88.2
Urea Fertilizer,5,90,-1.8,0,88.2
Engine oil,2,132,0,-44,88
Engine oil,1,88,0,0,88
Kerosene,2,88,0,0,88
Kerosene,1,88,0,0,88
Cooking Gas,1,88,0,0,88
CNG,1,88,0,0,88
Cooking Gas,1,88,0,0,88
Urea Fertilizer,1,88,0,0,88
Kerosene,2,88,0,0,88
Lub,2,88,0,0,88
Kerosene,1,88,0,0,88
Premium Motor Spirit,4,88,0,0,88
Urea Fertilizer,8,108,-9.6,-10.8,87.6
Engine oil,2,90,-2.5,0,87.5
Kerosene,2,92,-4.6,0,87.4
Brake oil,2,92,-4.8,0,87.2
PMS,2,87,0,0,87
Engine oil,4,91,-4.7,0,86.3
Diesel,2,96,-9.8,0,86.2
Urea Fertilizer,2,86,0,0,86
Kerosene,2,86,0,0,86
Diesel,4,88,-2.19,0,85.81
Engine oil,2,90,-4.5,0,85.5
Kerosene,1,95,-9.5,0,85.5
Premium Motor Spirit,3,102,-16.99,0,85.01
Cooking Gas,1,85,0,0,85
Cooking Gas,1,85,0,0,85
Premium Motor Spirit,3,84,0,0,84
Cooking Gas,3,84,0,0,84
Premium Motor Spirit,6,84,0,0,84
Kerosene,2,84,0,0,84
Kerosene,2,84,0,0,84
Cooking Gas,2,84,0,0,84
Cooking Gas,3,84,0,0,84
Urea Fertilizer,3,84,0,0,84
Kerosene,3,84,0,0,84
Lub,3,84,0,0,84
Engine oil,3,84,0,0,84
Diesel,3,84,0,0,84
Premium Motor Spirit,6,84,0,0,84
Kerosene,2,88,-4.4,0,83.6
Urea Fertilizer,2,88,-4.4,0,83.6
Premium Motor Spirit,2,88,-4.4,0,83.6
Lub,4,88,-4.4,0,83.6
Urea Fertilizer,2,88,-4.4,0,83.6
Kerosene,2,88,-4.4,0,83.6
Urea Fertilizer,8,87,-4.19,0,82.81
Cooking Gas,1,82,0,0,82
Cooking Gas,1,82,0,0,82
Motor oil,2,96,-14.4,0,81.6
Kerosene,3,84,-2.79,0,81.21
Engine oil,3,84,-2.79,0,81.21
Urea Fertilizer,3,84,-2.8,0,81.2
Urea Fertilizer,3,84,-2.8,0,81.2
Premium Motor Spirit,3,84,-2.8,0,81.2
Urea Fertilizer,3,84,-2.8,0,81.2
PMS,3,84,-2.8,0,81.2
Urea Fertilizer,3,84,-2.8,0,81.2
Premium Motor Spirit,3,84,-2.8,0,81.2
CNG,3,90,-9,0,81
Cooking Gas,2,90,-9.01,0,80.99
Urea Fertilizer,7,84,-3.6,0,80.4
PMS,4,84,-3.61,0,80.39
Engine oil,2,80,0,0,80
Premium Motor Spirit,2,80,0,0,80
Kerosene,2,84,-4.2,0,79.8
Kerosene,2,126,-4.2,-42,79.8
Engine oil,3,82,-2.2,0,79.8
Kerosene,2,88,-8.8,0,79.2
Cooking Gas,1,88,-8.8,0,79.2
Engine oil,1,88,-8.8,0,79.2
Kerosene,1,88,-8.8,0,79.2
Kerosene,2,78.4,0,0,78.4
Black oil,1,78,0,0,78
Premium Motor Spirit,2,78,0,0,78
Kerosene,1,78,0,0,78
Kerosene,2,86,-8.4,0,77.6
Kerosene,3,86,-8.43,0,77.57
Urea Fertilizer,3,80,-2.8,0,77.2
Urea Fertilizer,7,76.5,0,0,76.5
Urea Fertilizer,4,80,-4,0,76
Urea Fertilizer,1,76,0,0,76
Premium Motor Spirit,2,76,0,0,76
Premium Motor Spirit,2,76,0,0,76
Engine oil,2,76,0,0,76
Engine oil,2,76,0,0,76
Brake oil,2,76,0,0,76
Premium Motor Spirit,2,76,0,0,76
Urea Fertilizer,1,76,0,0,76
Premium Motor Spirit,2,76,0,0,76
Urea Fertilizer,1,76,0,0,76
Premium Motor Spirit,2,76,0,0,76
Kerosene,3,84,-8.41,0,75.59
,1,75,0,0,75
Diesel,1,75,0,0,75
,1,75,0,0,75
Engine oil,1,75,0,0,75
Kerosene,3,114,-11.6,-28,74.4
Light PMS,4,80,-6,0,74
Engine oil,2,74,0,0,74
Engine oil,5,76,-2,0,74
Kerosene,1,74,0,0,74
PMS,3,74,0,0,74
Light PMS,5,74,0,0,74
Aviation Fuel,2,76.8,-3.48,0,73.32
Urea Fertilizer,7,76.5,-3.67,0,72.83
Kerosene,2,76,-3.8,0,72.2
Kerosene,2,76,-3.8,0,72.2
Cooking Gas,2,114,-7.6,-34.2,72.2
Cooking Gas,2,76,-3.8,0,72.2
Cooking Gas,2,76,-3.8,0,72.2
Premium Motor Spirit,2,76,-3.8,0,72.2
PMS,2,76,-3.8,0,72.2
LPG,4,74,-1.85,0,72.15
Premium Motor Spirit,1,72,0,0,72
Black oil,4,72,0,0,72
Diesel,4,72,0,0,72
Lub,2,80,-8,0,72
Urea Fertilizer,3,72,0,0,72
Engine oil,3,72,0,0,72
Motor oil,3,72,0,0,72
Kerosene,2,80,-8,0,72
Engine oil,1,72,0,0,72
Cooking Gas,2,72,0,0,72
Urea Fertilizer,6,72,-1.2,0,70.8
LPG,4,74,-3.7,0,70.3
Lub,2,134,-5.7,-58,70.3
Diesel,5,70,0,0,70
Urea Fertilizer,4,80,-10,0,70
PMS,3,70,0,0,70
Engine oil,2,70,0,0,70
Urea Fertilizer,1,70,0,0,70
Kerosene,3,72,-2.4,0,69.6
Premium Motor Spirit,3,72,-2.4,0,69.6
Black oil,3,72,-2.4,0,69.6
Diesel,3,72,-2.41,0,69.59
Engine oil,2,72,-2.8,0,69.2
Engine oil,2,73.1,-4.08,0,69.02
Lub,2,76,-7.6,0,68.4
Lub,2,76,-7.6,0,68.4
Cooking Gas,2,76,-7.6,0,68.4
Kerosene,2,72,-3.61,0,68.39
Premium Motor Spirit,4,72,-3.61,0,68.39
Light PMS,1,68,0,0,68
Kerosene,1,68,0,0,68
Aviation Fuel,2,68,0,0,68
Engine oil,1,68,0,0,68
Engine oil,1,68,0,0,68
Premium Motor Spirit,1,68,0,0,68
Kerosene,1,68,0,0,68
Engine oil,1,68,0,0,68
Kerosene,2,68,0,0,68
Cooking Gas,1,68,0,0,68
Kerosene,1,68,0,0,68
Kerosene,1,68,0,0,68
Motor oil,2,68,0,0,68
Kerosene,2,68,0,0,68
Premium Motor Spirit,1,68,0,0,68
Cooking Gas,1,68,0,0,68
Kerosene,1,68,0,0,68
Kerosene,1,68,0,0,68
Kerosene,1,68,0,0,68
Cooking Gas,1,68,0,0,68
Premium Motor Spirit,2,68,0,0,68
Kerosene,1,68,0,0,68
Kerosene,1,68,0,0,68
Premium Motor Spirit,2,68,0,0,68
Kerosene,1,68,0,0,68
CNG,1,68,0,0,68
Cooking Gas,2,75.4,-7.54,0,67.86
Motor oil,4,67.5,0,0,67.5
Kerosene,1,74,-7.4,0,66.6
Urea Fertilizer,4,72,-5.4,0,66.6
Kerosene,2,104,-3.61,-34,66.39
Diesel,3,66,0,0,66
Black oil,3,66,0,0,66
Engine oil,3,66,0,0,66
Engine oil,3,66,0,0,66
Motor oil,3,66,0,0,66
Premium Motor Spirit,3,66,0,0,66
Engine oil,3,66,0,0,66
Engine oil,2,65.6,0,0,65.6
Engine oil,1,82,-16.4,0,65.6
Cooking Gas,1,65,0,0,65
Motor oil,2,72,-7.19,0,64.81
Premium Motor Spirit,1,72,-7.2,0,64.8
Urea Fertilizer,6,72,-7.2,0,64.8
Premium Motor Spirit,2,76,-11.4,0,64.6
Urea Fertilizer,2,68,-3.4,0,64.6
Premium Motor Spirit,2,68,-3.4,0,64.6
Premium Motor Spirit,2,68,-3.4,0,64.6
Cooking Gas,2,76,-11.4,0,64.6
Urea Fertilizer,2,68,-3.4,0,64.6
Premium Motor Spirit,2,68,-3.4,0,64.6
Engine oil,2,64,0,0,64
Engine oil,2,64,0,0,64
Premium Motor Spirit,2,64,0,0,64
Cooking Gas,1,64,0,0,64
Diesel,3,66,-2.2,0,63.8
Engine oil,3,66,-2.2,0,63.8
PMS,2,68,-5.1,0,62.9
Kerosene,2,98,-3.4,-32,62.6
Diesel,3,65,-2.5,0,62.5
Premium Motor Spirit,1,62,0,0,62
Cooking Gas,1,62,0,0,62
Premium Motor Spirit,2,62,0,0,62
Kerosene,1,62,0,0,62
Diesel,3,66,-4.4,0,61.6
Urea Fertilizer,1,68,-6.8,0,61.2
Kerosene,1,68,-6.8,0,61.2
Motor oil,2,68,-6.8,0,61.2
Cooking Gas,1,68,-6.8,0,61.2
Cooking Gas,1,68,-6.8,0,61.2
Premium Motor Spirit,2,68,-6.8,0,61.2
Engine oil,1,68,-6.8,0,61.2
PMS,2,64,-3.2,0,60.8
Premium Motor Spirit,2,64,-3.2,0,60.8
Cooking Gas,2,76,-15.2,0,60.8
Cooking Gas,2,76,-15.2,0,60.8
Premium Motor Spirit,2,64,-3.21,0,60.79
Urea Fertilizer,6,66,-5.24,0,60.76
Engine oil,3,66,-5.5,0,60.5
Cooking Gas,1,60,0,0,60
Cooking Gas,1,120,-6,-54,60
PMS,3,60,0,0,60
Black oil,2,60,0,0,60
Kerosene,1,66,-6.6,0,59.4
Engine oil,3,66,-6.6,0,59.4
Cooking Gas,1,74,-14.79,0,59.21
Kerosene,2,62,-2.8,0,59.2
Cooking Gas,1,74,-14.8,0,59.2
Cooking Gas,1,74,-14.8,0,59.2
PMS,4,64,-4.8,0,59.2
Urea Fertilizer,3,58.5,0,0,58.5
Cooking Gas,1,58.5,0,0,58.5
Premium Motor Spirit,1,58,0,0,58
CNG,1,58,0,0,58
Kerosene,1,58,0,0,58
CNG,1,58,0,0,58
Premium Motor Spirit,1,58,0,0,58
Kerosene,1,58,0,0,58
Kerosene,1,58,0,0,58
Premium Motor Spirit,1,58,0,0,58
Premium Motor Spirit,1,58,0,0,58
Kerosene,1,58,0,0,58
Kerosene,1,290,0,-232,58
CNG,1,58,0,0,58
Cooking Gas,1,58,0,0,58
Kerosene,1,58,0,0,58
CNG,1,58,0,0,58
Urea Fertilizer,5,64,-6,0,58
Kerosene,1,58,0,0,58
Kerosene,1,58,0,0,58
Kerosene,1,58,0,0,58
Urea Fertilizer,1,58,0,0,58
Kerosene,1,58,0,0,58
Kerosene,1,72,-14.4,0,57.6
PMS,2,60,-3.8,0,56.2
PMS,3,64,-7.8,0,56.2
Urea Fertilizer,2,56,0,0,56
Kerosene,2,56,0,0,56
CNG,2,56,0,0,56
Urea Fertilizer,2,84,0,-28,56
Engine oil,2,56,0,0,56
Aviation Fuel,2,56,0,0,56
Motor oil,3,56,0,0,56
Urea Fertilizer,2,56,0,0,56
Engine oil,2,56,0,0,56
Premium Motor Spirit,2,56,0,0,56
Premium Motor Spirit,2,56,0,0,56
Kerosene,2,56,0,0,56
Kerosene,2,56,0,0,56
PMS,2,56,0,0,56
Premium Motor Spirit,2,56,0,0,56
Diesel,4,56,0,0,56
Premium Motor Spirit,2,56,0,0,56
Diesel,2,56,0,0,56
Premium Motor Spirit,2,56,0,0,56
Urea Fertilizer,1,56,0,0,56
Urea Fertilizer,2,56,0,0,56
Engine oil,4,56,0,0,56
Motor oil,2,56,0,0,56
Urea Fertilizer,4,56,0,0,56
Urea Fertilizer,2,56,0,0,56
Premium Motor Spirit,2,56,0,0,56
Engine oil,2,56,0,0,56
Premium Motor Spirit,2,56,0,0,56
Premium Motor Spirit,2,56,0,0,56
Urea Fertilizer,2,56,0,0,56
LPG,3,55.5,0,0,55.5
Engine oil,3,57,-1.9,0,55.1
Premium Motor Spirit,4,60,-5,0,55
Kerosene,3,60,-5,0,55
Engine oil,1,68,-13.6,0,54.4
Kerosene,1,68,-13.6,0,54.4
Kerosene,1,68,-13.6,0,54.4
Engine oil,1,54,0,0,54
Urea Fertilizer,3,54,0,0,54
Premium Motor Spirit,3,54,0,0,54
PMS,3,54,0,0,54
Motor oil,3,54,0,0,54
Premium Motor Spirit,1,54,0,0,54
Urea Fertilizer,3,54,0,0,54
Diesel,3,54,0,0,54
Engine oil,3,54,0,0,54
Motor oil,2,56,-2.8,0,53.2
Urea Fertilizer,2,56,-2.8,0,53.2
PMS,2,56,-2.8,0,53.2
Cooking Gas,2,56,-2.8,0,53.2
Engine oil,1,58,-5,0,53
Cooking Gas,2,78.75,0,-26.25,52.5
Kerosene,1,58,-5.8,0,52.2
Kerosene,1,58,-5.8,0,52.2
Premium Motor Spirit,3,54,-1.8,0,52.2
Premium Motor Spirit,3,54,-1.8,0,52.2
Engine oil,3,54,-1.8,0,52.2
Engine oil,1,58,-5.81,0,52.19
Premium Motor Spirit,3,54,-1.81,0,52.19
Kerosene,2,58,-6,0,52
Engine oil,1,52,0,0,52
Brake oil,1,64,-12.8,0,51.2
Cooking Gas,2,56,-5.6,0,50.4
Engine oil,1,56,-5.6,0,50.4
Engine oil,3,54,-3.6,0,50.4
Premium Motor Spirit,2,56,-5.6,0,50.4
Cooking Gas,1,50,0,0,50
Engine oil,2,50,0,0,50
PMS,5,50,0,0,50
Motor oil,3,49.5,0,0,49.5
Motor oil,3,49.5,0,0,49.5
Urea Fertilizer,5,52.5,-3.15,0,49.35
Engine oil,3,49.3,0,0,49.3
Aviation Fuel,2,49,0,0,49
Kerosene,1,54,-5.4,0,48.6
Kerosene,1,48,0,0,48
Black oil,1,48,0,0,48
Engine oil,1,48,0,0,48
Light PMS,1,48,0,0,48
CNG,1,48,0,0,48
Kerosene,1,48,0,0,48
Engine oil,1,48,0,0,48
Kerosene,1,48,0,0,48
Premium Motor Spirit,1,48,0,0,48
Premium Motor Spirit,2,48,0,0,48
Kerosene,1,48,0,0,48
Premium Motor Spirit,1,48,0,0,48
Kerosene,1,48,0,0,48
Kerosene,1,48,0,0,48
Cooking Gas,2,48,0,0,48
Aviation Fuel,1,48,0,0,48
Premium Motor Spirit,1,48,0,0,48
Kerosene,1,48,0,0,48
,1,48,0,0,48
Urea Fertilizer,2,48,0,0,48
Kerosene,1,48,0,0,48
Black oil,4,48,0,0,48
Light PMS,2,48,0,0,48
Premium Motor Spirit,1,48,0,0,48
CNG,1,48,0,0,48
CNG,1,48,0,0,48
Premium Motor Spirit,2,48,0,0,48
Kerosene,3,48,0,0,48
Premium Motor Spirit,1,48,0,0,48
Kerosene,1,48,0,0,48
Kerosene,1,48,0,0,48
Engine oil,1,48,0,0,48
Engine oil,1,48,0,0,48
Kerosene,1,48,0,0,48
Kerosene,1,48,0,0,48
Light PMS,2,48,0,0,48
Premium Motor Spirit,1,48,0,0,48
Engine oil,1,48,0,0,48
Engine oil,2,48,0,0,48
Premium Motor Spirit,1,48,0,0,48
Kerosene,1,48,0,0,48
Urea Fertilizer,1,48,0,0,48
Premium Motor Spirit,2,48,0,0,48
Kerosene,1,48,0,0,48
Kerosene,1,48,0,0,48
Diesel,2,48,0,0,48
Kerosene,1,48,-1.19,0,46.81
Black oil,2,52,-5.2,0,46.8
Kerosene,1,58,-11.6,0,46.4
Kerosene,1,58,-11.6,0,46.4
CNG,1,58,-11.6,0,46.4
Brake oil,1,46,0,0,46
PMS,2,46,0,0,46
Kerosene,1,46,0,0,46
Lub,2,48,-2.4,0,45.6
Urea Fertilizer,2,50,-4.57,0,45.43
Engine oil,3,45,0,0,45
Engine oil,1,45,0,0,45
Engine oil,1,45,0,0,45
Cooking Gas,1,45,0,0,45
Engine oil,1,45,0,0,45
Premium Motor Spirit,2,56,-11.2,0,44.8
Premium Motor Spirit,2,56,-11.2,0,44.8
Light PMS,3,46,-1.4,0,44.6
Kerosene,1,44,0,0,44
CNG,1,44,0,0,44
Engine oil,1,44,0,0,44
Engine oil,1,44,0,0,44
Kerosene,1,44,0,0,44
CNG,1,44,0,0,44
Kerosene,1,44,0,0,44
Motor oil,2,44,0,0,44
Urea Fertilizer,1,88,0,-44,44
Light PMS,2,44,0,0,44
Diesel,1,44,0,0,44
PMS,2,44,0,0,44
Aviation Fuel,1,44,0,0,44
Kerosene,1,44,0,0,44
Engine oil,2,44,0,0,44
Kerosene,1,44,0,0,44
Urea Fertilizer,2,44,0,0,44
Premium Motor Spirit,2,44,0,0,44
Engine oil,1,44,0,0,44
Engine oil,2,44,0,0,44
CNG,2,44,0,0,44
Urea Fertilizer,2,44,0,0,44
Motor oil,3,45,-1.36,0,43.64
Kerosene,1,48,-4.8,0,43.2
Engine oil,2,48,-4.8,0,43.2
Urea Fertilizer,1,48,-4.8,0,43.2
Engine oil,3,43.2,0,0,43.2
Black oil,1,48,-4.8,0,43.2
Kerosene,1,48,-4.8,0,43.2
Urea Fertilizer,1,96,-4.8,-48,43.2
Kerosene,1,48,-4.8,0,43.2
Premium Motor Spirit,1,48,-4.8,0,43.2
Urea Fertilizer,4,48,-4.8,0,43.2
Kerosene,1,44,-1.08,0,42.92
Engine oil,1,45,-2.5,0,42.5
Cooking Gas,1,42,0,0,42
Premium Motor Spirit,1,42,0,0,42
,1,42,0,0,42
Kerosene,1,42,0,0,42
Urea Fertilizer,2,42,0,0,42
Kerosene,1,42,0,0,42
Engine oil,1,42,0,0,42
Engine oil,2,42,0,0,42
Engine oil,1,42,0,0,42
Diesel,3,42,0,0,42
Premium Motor Spirit,1,42,0,0,42
CNG,1,42,0,0,42
Kerosene,1,42,0,0,42
Engine oil,1,42,0,0,42
Premium Motor Spirit,3,70,0,-28,42
Engine oil,1,42,0,0,42
Engine oil,2,44,-2.2,0,41.8
Engine oil,2,44,-2.2,0,41.8
Cooking Gas,1,41.6,0,0,41.6
Kerosene,1,46,-4.6,0,41.4
Kerosene,1,92,-4.6,-46,41.4
Kerosene,1,46,-4.6,0,41.4
Kerosene,1,46,-4.6,0,41.4
Kerosene,1,46,-4.6,0,41.4
Engine oil,1,45,-4.49,0,40.51
Engine oil,1,45,-4.5,0,40.5
Engine oil,1,45,-4.5,0,40.5
Cooking Gas,1,45,-4.51,0,40.49
Cooking Gas,2,40,0,0,40
Engine oil,2,40,0,0,40
Motor oil,2,40,0,0,40
Engine oil,2,44,-4.4,0,39.6
Premium Motor Spirit,1,44,-4.4,0,39.6
Engine oil,1,44,-4.4,0,39.6
Black oil,1,44,-4.4,0,39.6
Kerosene,1,44,-4.41,0,39.59
Urea Fertilizer,1,39,0,0,39
Urea Fertilizer,1,39,0,0,39
Cooking Gas,2,40,-1.9,0,38.1
Engine oil,1,38,0,0,38
Aviation Fuel,1,38,0,0,38
Kerosene,1,38,0,0,38
Engine oil,1,38,0,0,38
Cooking Gas,1,114,-7.6,-68.4,38
Engine oil,1,38,0,0,38
Premium Motor Spirit,1,38,0,0,38
Kerosene,1,38,0,0,38
Engine oil,1,38,0,0,38
Premium Motor Spirit,1,38,0,0,38
Engine oil,1,38,0,0,38
Cooking Gas,1,38,0,0,38
Kerosene,1,38,0,0,38
Light PMS,1,38,0,0,38
Light PMS,2,40,-2,0,38
Engine oil,1,38,0,0,38
Premium Motor Spirit,1,38,0,0,38
Premium Motor Spirit,1,38,0,0,38
Cooking Gas,1,38,0,0,38
Premium Motor Spirit,1,38,0,0,38
Cooking Gas,1,38,0,0,38
Engine oil,1,38,0,0,38
Engine oil,1,38,0,0,38
Engine oil,1,38,0,0,38
Premium Motor Spirit,1,38,0,0,38
Brake oil,1,38,0,0,38
Kerosene,1,38,0,0,38
Engine oil,1,38,0,0,38
Motor oil,1,38,0,0,38
Engine oil,1,38,0,0,38
Engine oil,1,42,-4.19,0,37.81
Kerosene,1,42,-4.2,0,37.8
Cooking Gas,2,42,-4.2,0,37.8
Cooking Gas,1,42,-4.2,0,37.8
Kerosene,1,40.6,-4.06,0,36.54
Diesel,2,40,-3.88,0,36.12
Engine oil,2,38,-1.9,0,36.1
Engine oil,2,36,0,0,36
Diesel,2,36,0,0,36
PMS,2,36,0,0,36
Premium Motor Spirit,2,36,0,0,36
Urea Fertilizer,2,36,0,0,36
Engine oil,2,36,0,0,36
PMS,2,36,0,0,36
Urea Fertilizer,2,36,0,0,36
Diesel,2,36,0,0,36
PMS,1,36,0,0,36
Urea Fertilizer,1,36,0,0,36
Urea Fertilizer,2,36,0,0,36
Black oil,2,36,0,0,36
Engine oil,1,36,0,0,36
Black oil,1,36,0,0,36
Kerosene,1,48,-12,0,36
Diesel,2,36,0,0,36
Engine oil,1,36,0,0,36
Urea Fertilizer,2,36,0,0,36
Engine oil,2,36,0,0,36
Diesel,2,36,0,0,36
Urea Fertilizer,2,36,0,0,36
Engine oil,2,36,0,0,36
Urea Fertilizer,2,36,0,0,36
Premium Motor Spirit,3,36,0,0,36
Urea Fertilizer,1,36,0,0,36
Kerosene,1,69.75,0,-34,35.75
Kerosene,1,44,-8.8,0,35.2
Urea Fertilizer,1,39,-3.9,0,35.1
Engine oil,2,36,-1.16,0,34.84
Light PMS,2,37,-2.4,0,34.6
Engine oil,2,36,-1.8,0,34.2
Urea Fertilizer,2,36,-1.8,0,34.2
Aviation Fuel,1,38,-3.8,0,34.2
Engine oil,1,38,-3.8,0,34.2
Engine oil,2,36,-1.8,0,34.2
Engine oil,1,38,-3.8,0,34.2
Cooking Gas,1,38,-3.8,0,34.2
Easter,1,38,-3.8,0,34.2
Cooking Gas,1,38,-3.8,0,34.2
Premium Motor Spirit,1,34,0,0,34
Kerosene,1,44,-10,0,34
Motor oil,1,34,0,0,34
Kerosene,1,34,0,0,34
Motor oil,1,34,0,0,34
Kerosene,1,34,0,0,34
Premium Motor Spirit,1,34,0,0,34
Cooking Gas,1,34,0,0,34
Kerosene,1,34,0,0,34
Kerosene,1,34,0,0,34
Premium Motor Spirit,1,34,0,0,34
Cooking Gas,1,34,0,0,34
CNG,1,34,0,0,34
Kerosene,1,34,0,0,34
Premium Motor Spirit,1,34,0,0,34
Premium Motor Spirit,1,34,0,0,34
Motor oil,1,34,0,0,34
Kerosene,1,34,0,0,34
PMS,1,34,0,0,34
Motor oil,1,34,0,0,34
Kerosene,1,34,0,0,34
Kerosene,1,34,0,0,34
Premium Motor Spirit,1,34,0,0,34
Engine oil,1,34,0,0,34
Kerosene,1,34,0,0,34
Engine oil,1,34,0,0,34
Kerosene,1,34,0,0,34
Engine oil,2,36,-2.1,0,33.9
Brake oil,1,45,-11.25,0,33.75
Urea Fertilizer,3,34.5,-1.05,0,33.45
Engine oil,1,36,-3.6,0,32.4
Engine oil,2,36,-3.6,0,32.4
Diesel,1,36,-3.6,0,32.4
Engine oil,1,32,0,0,32
Engine oil,1,32,0,0,32
Engine oil,1,32,0,0,32
Motor oil,2,32,0,0,32
Motor oil,1,32,0,0,32
Engine oil,1,32,0,0,32
Motor oil,1,32,0,0,32
Premium Motor Spirit,2,32,0,0,32
Engine oil,1,32,0,0,32
Engine oil,1,32,0,0,32
PMS,2,32,0,0,32
Light PMS,1,32,0,0,32
Urea Fertilizer,1,32,0,0,32
Motor oil,1,32,0,0,32
Engine oil,1,32,0,0,32
Premium Motor Spirit,1,32,0,0,32
Engine oil,1,32,0,0,32
Motor oil,2,32,0,0,32
Urea Fertilizer,1,32,0,0,32
Urea Fertilizer,1,32,0,0,32
PMS,1,32,0,0,32
PMS,2,32,0,0,32
Urea Fertilizer,1,31.5,0,0,31.5
Motor oil,2,31.5,0,0,31.5
Motor oil,2,31.5,0,0,31.5
Motor oil,2,31.5,0,0,31.5
Engine oil,1,36,-5,0,31
PMS,1,34,-3.4,0,30.6
Kerosene,1,34,-3.4,0,30.6
Diesel,1,34,-3.4,0,30.6
Premium Motor Spirit,1,34,-3.4,0,30.6
Motor oil,1,34,-3.4,0,30.6
Light PMS,2,34,-3.4,0,30.6
Motor oil,1,34,-3.41,0,30.59
Cooking Gas,1,76,-7.6,-38,30.4
Premium Motor Spirit,1,32,-1.6,0,30.4
Motor oil,1,30,0,0,30
Urea Fertilizer,2,30,0,0,30
Motor oil,1,30,0,0,30
Premium Motor Spirit,1,30,0,0,30
Motor oil,1,30,0,0,30
PMS,2,30,0,0,30
Black oil,1,30,0,0,30
Kerosene,1,34,-5.1,0,28.9
Urea Fertilizer,3,31.5,-2.62,0,28.88
Urea Fertilizer,1,32,-3.2,0,28.8
Motor oil,1,32,-3.2,0,28.8
Kerosene,2,34,-5.2,0,28.8
CNG,1,32,-3.2,0,28.8
Cooking Gas,1,32,-3.2,0,28.8
Premium Motor Spirit,1,32,-3.2,0,28.8
Kerosene,1,70,-7.2,-34,28.8
Motor oil,1,32,-3.2,0,28.8
Premium Motor Spirit,1,28.5,0,0,28.5
Engine oil,1,28,0,0,28
Kerosene,1,28,0,0,28
Premium Motor Spirit,1,28,0,0,28
Urea Fertilizer,1,28,0,0,28
Urea Fertilizer,1,28,0,0,28
Premium Motor Spirit,1,28,0,0,28
PMS,1,28,0,0,28
Premium Motor Spirit,1,28,0,0,28
Engine oil,1,28,0,0,28
CNG,1,28,0,0,28
Premium Motor Spirit,1,28,0,0,28
Premium Motor Spirit,1,28,0,0,28
Premium Motor Spirit,1,28,0,0,28
Urea Fertilizer,1,28,0,0,28
Premium Motor Spirit,1,28,0,0,28
Premium Motor Spirit,1,28,0,0,28
Diesel,1,28,0,0,28
Engine oil,1,28,0,0,28
Premium Motor Spirit,1,28,0,0,28
Premium Motor Spirit,1,28,0,0,28
Premium Motor Spirit,1,28,0,0,28
Kerosene,1,28,0,0,28
Kerosene,1,28,0,0,28
Kerosene,1,28,0,0,28
Premium Motor Spirit,1,28,0,0,28
Urea Fertilizer,1,28,0,0,28
Kerosene,1,28,0,0,28
Premium Motor Spirit,1,28,0,0,28
Premium Motor Spirit,1,28,0,0,28
Kerosene,1,28,0,0,28
Kerosene,1,28,0,0,28
Engine oil,1,28,0,0,28
Premium Motor Spirit,1,28,0,0,28
Urea Fertilizer,1,28,0,0,28
Premium Motor Spirit,1,28,0,0,28
PMS,1,28,0,0,28
PMS,1,28,0,0,28
Black oil,1,28,0,0,28
CNG,1,28,0,0,28
Premium Motor Spirit,1,28,0,0,28
Motor oil,1,28,0,0,28
Kerosene,1,28,0,0,28
Premium Motor Spirit,1,68,-13.6,-27.2,27.2
Premium Motor Spirit,1,34,-6.8,0,27.2
Motor oil,1,32,-4.81,0,27.19
Motor oil,1,30,-3,0,27
Motor oil,1,30,-3,0,27
,1,24,0,0,24
Premium Motor Spirit,1,28,-1.85,0,26.15
Premium Motor Spirit,1,26,0,0,26
Engine oil,1,25.6,0,0,25.6
Aviation Fuel,1,28,-2.8,0,25.2
Kerosene,1,56,-2.8,-28,25.2
PMS,1,28,-2.8,0,25.2
Motor oil,1,28,-2.8,0,25.2
Urea Fertilizer,1,28,-2.8,0,25.2
Premium Motor Spirit,1,28,-2.8,0,25.2
Urea Fertilizer,1,28,-2.8,0,25.2
Urea Fertilizer,1,28,-2.8,0,25.2
Kerosene,1,84,-2.8,-56,25.2
Kerosene,1,28,-2.81,0,25.19
Engine oil,2,26.4,-1.32,0,25.08
Black oil,1,25,0,0,25
Aviation Fuel,1,25,0,0,25
Engine oil,1,24,0,0,24
Premium Motor Spirit,1,24,0,0,24
Kerosene,1,24,0,0,24
PMS,1,24,0,0,24
PMS,1,24,0,0,24
Urea Fertilizer,1,24,0,0,24
Black oil,2,24,0,0,24
Premium Motor Spirit,1,24,0,0,24
Engine oil,1,24,0,0,24
Lub,1,24,0,0,24
Engine oil,1,24,0,0,24
Urea Fertilizer,1,24,0,0,24
Urea Fertilizer,1,24,0,0,24
Motor oil,1,24,0,0,24
Kerosene,1,24,0,0,24
Engine oil,1,24,0,0,24
CNG,1,24,0,0,24
Black oil,2,24,0,0,24
Black oil,1,24,0,0,24
Kerosene,1,28,-4.52,0,23.48
Engine oil,1,26,-2.59,0,23.41
Engine oil,1,26,-2.6,0,23.4
Urea Fertilizer,1,24,-1.39,0,22.61
Premium Motor Spirit,1,28,-5.6,0,22.4
Premium Motor Spirit,1,22,0,0,22
Urea Fertilizer,1,22,0,0,22
Premium Motor Spirit,1,22,0,0,22
Urea Fertilizer,1,22,0,0,22
Premium Motor Spirit,1,22,0,0,22
Premium Motor Spirit,1,22,0,0,22
Light PMS,1,22,0,0,22
Engine oil,1,22,0,0,22
PMS,1,22,0,0,22
Engine oil,1,22,0,0,22
Black oil,1,22,0,0,22
Engine oil,1,22,0,0,22
Urea Fertilizer,1,22,0,0,22
Diesel,1,22,0,0,22
Engine oil,1,22,0,0,22
CNG,1,22,0,0,22
Engine oil,1,24,-2.4,0,21.6
Cooking Gas,1,24,-2.4,0,21.6
Motor oil,1,24,-2.4,0,21.6
PMS,1,24,-2.4,0,21.6
Urea Fertilizer,2,22.5,-1.05,0,21.45
Aviation Fuel,1,25,-3.75,0,21.25
Black oil,1,25,-3.75,0,21.25
PMS,1,21,0,0,21
PMS,2,20,0,0,20
Premium Motor Spirit,2,20,0,0,20
Diesel,1,20,0,0,20
Light PMS,1,20,0,0,20
Urea Fertilizer,1,22,-2.2,0,19.8
Urea Fertilizer,1,22,-2.2,0,19.8
Premium Motor Spirit,1,22,-2.21,0,19.79
Gift Kerosenes,1,19.5,0,0,19.5
LPG,1,18.5,0,0,18.5
LPG,1,18.5,0,0,18.5
Motor oil,1,18,0,0,18
Motor oil,1,18,0,0,18
Diesel,1,18,0,0,18
Motor oil,1,18,0,0,18
Engine oil,1,18,0,0,18
Engine oil,1,18,0,0,18
Diesel,1,18,0,0,18
Urea Fertilizer,1,18,0,0,18
Engine oil,1,18,0,0,18
PMS,1,18,0,0,18
Engine oil,1,18,0,0,18
Engine oil,1,18,0,0,18
Diesel,1,18,0,0,18
Urea Fertilizer,1,18,0,0,18
Diesel,1,18,0,0,18
PMS,1,18,0,0,18
Motor oil,1,18,0,0,18
Diesel,1,18,0,0,18
Urea Fertilizer,1,18,0,0,18
Premium Motor Spirit,1,18,0,0,18
Black oil,1,18,0,0,18
Motor oil,1,18,0,0,18
Urea Fertilizer,1,18,0,0,18
Premium Motor Spirit,1,18,0,0,18
Urea Fertilizer,1,18,0,0,18
Cooking Gas,1,18,0,0,18
Engine oil,1,18,0,0,18
PMS,1,18,0,0,18
Engine oil,1,18,0,0,18
Motor oil,1,18,0,0,18
Urea Fertilizer,1,18,0,0,18
Premium Motor Spirit,1,18,0,0,18
Premium Motor Spirit,1,18,0,0,18
Engine oil,1,18,0,0,18
Urea Fertilizer,1,18,0,0,18
PMS,1,18,0,0,18
LPG,1,18.5,-1.85,0,16.65
Light PMS,1,16.5,0,0,16.5
Urea Fertilizer,1,16.5,0,0,16.5
Urea Fertilizer,1,18,-1.8,0,16.2
PMS,1,18,-1.8,0,16.2
Light PMS,1,18,-1.8,0,16.2
Urea Fertilizer,1,18,-1.8,0,16.2
Light PMS,1,18,-1.8,0,16.2
Diesel,1,18,-1.81,0,16.19
Motor oil,1,16,0,0,16
Urea Fertilizer,1,16,0,0,16
Urea Fertilizer,1,16,0,0,16
Light PMS,1,16,0,0,16
Light PMS,1,32,-1.6,-14.4,16
Light PMS,1,16,0,0,16
Urea Fertilizer,1,16,0,0,16
PMS,1,16,0,0,16
PMS,1,18,-2.31,0,15.69
Premium Motor Spirit,1,16,-1.6,0,14.4
Engine oil,1,16,-1.6,0,14.4
PMS,1,18,-3.6,0,14.4
PMS,1,14,0,0,14
Engine oil,1,14,0,0,14
PMS,1,14,0,0,14
Urea Fertilizer,1,14,0,0,14
Premium Motor Spirit,1,14,0,0,14
PMS,1,13.5,0,0,13.5
Engine oil,1,13.2,0,0,13.2
Premium Motor Spirit,1,12,0,0,12
PMS,1,12,0,0,12
Urea Fertilizer,1,12,0,0,12
Black oil,1,12,0,0,12
,1,10.5,0,0,10.5
PMS,0,26,0,-26,0
Kerosene,0,34,0,-34,0
Kerosene,0,48,0,-48,0
Lub,0,1,0,-1,0
Kerosene,0,195,0,-195,0
Kerosene,0,28,0,-28,0
Urea Fertilizer,0,32,-3.21,-28.79,0
Diesel,0,380,0,-380,0
Urea Fertilizer,0,28,-2.81,-25.19,0
Premium Motor Spirit,0,28,0,-28,0
Kerosene,0,116,-23.2,-92.8,0
Urea Fertilizer,0,16.5,0,-16.5,0
Urea Fertilizer,-1,0,0,-106.25,-106.25
